iteration,lm_loss,learning_rate,grad_norm
10,10.762850,4.000000e-05,8.5570
20,9.338278,8.000000e-05,3.6930
30,8.467526,1.200000e-04,2.8010
40,7.650622,1.600000e-04,1.7550
50,7.135703,2.000000e-04,1.4190
60,6.947176,2.400000e-04,2.1170
70,6.770426,2.800000e-04,1.3380
80,6.527282,3.200000e-04,1.8320
90,6.442109,3.600000e-04,1.2960
100,6.364627,4.000000e-04,1.0800
110,6.212249,4.400000e-04,1.4130
120,6.171906,4.800000e-04,1.1360
130,6.066169,5.200000e-04,0.9160
140,6.047321,5.600000e-04,1.2690
150,5.951334,6.000000e-04,1.0620
160,5.879984,6.400000e-04,1.0950
170,5.875657,6.800000e-04,0.9620
180,5.808485,7.200000e-04,0.9830
190,5.713610,7.600000e-04,0.8410
200,5.757895,8.000000e-04,0.8630
210,5.624504,8.400000e-04,0.9280
220,5.556683,8.800000e-04,0.9690
230,5.623193,9.200000e-04,0.7140
240,5.552426,9.600000e-04,0.8180
250,5.567830,1.000000e-03,1.0890
260,5.499708,1.000000e-03,0.9420
270,5.484921,1.000000e-03,0.8640
280,5.499499,1.000000e-03,0.7430
290,5.361004,1.000000e-03,0.7700
300,5.350221,1.000000e-03,0.7350
310,5.304899,1.000000e-03,0.6890
320,5.293740,1.000000e-03,0.6750
330,5.241267,1.000000e-03,0.6610
340,5.202042,1.000000e-03,0.6170
350,5.155383,1.000000e-03,0.6980
360,5.081886,1.000000e-03,0.5660
370,5.092079,1.000000e-03,0.6450
380,5.063778,1.000000e-03,0.5480
390,5.050873,1.000000e-03,0.6940
400,5.043325,1.000000e-03,0.5350
410,4.980471,1.000000e-03,0.5010
420,4.990650,1.000000e-03,0.5650
430,4.967672,1.000000e-03,0.5040
440,4.914362,1.000000e-03,0.5320
450,4.903533,1.000000e-03,0.4830
460,4.882520,1.000000e-03,0.5010
470,4.864634,1.000000e-03,0.5550
480,4.871176,1.000000e-03,0.4810
490,4.843980,1.000000e-03,0.5100
500,4.798273,1.000000e-03,0.5740
510,4.793974,1.000000e-03,0.5500
520,4.802935,1.000000e-03,0.5180
530,4.826155,1.000000e-03,0.4800
540,4.801516,1.000000e-03,0.5140
550,4.750408,1.000000e-03,0.5520
560,4.723821,1.000000e-03,0.5080
570,4.745262,1.000000e-03,0.5250
580,4.667595,1.000000e-03,0.6450
590,4.718210,1.000000e-03,0.4690
600,4.689315,1.000000e-03,0.4680
610,4.716512,1.000000e-03,0.4920
620,4.665420,1.000000e-03,0.4420
630,4.648389,1.000000e-03,0.4670
640,4.680670,1.000000e-03,0.4860
650,4.620617,1.000000e-03,0.4600
660,4.573182,1.000000e-03,0.5100
670,4.608406,1.000000e-03,0.4900
680,4.589007,1.000000e-03,0.4530
690,4.580801,1.000000e-03,0.4750
700,4.617418,1.000000e-03,0.4470
710,4.489491,1.000000e-03,0.4740
720,4.579493,1.000000e-03,0.5330
730,4.521771,1.000000e-03,0.4060
740,4.519017,1.000000e-03,0.4440
750,4.471959,1.000000e-03,0.4610
760,4.519157,1.000000e-03,0.4580
770,4.476056,1.000000e-03,0.5210
780,4.462652,1.000000e-03,0.4120
790,4.450760,1.000000e-03,0.4110
800,4.444336,1.000000e-03,0.4270
810,4.411726,1.000000e-03,0.4160
820,4.428811,1.000000e-03,0.4810
830,4.437433,1.000000e-03,0.4070
840,4.420103,1.000000e-03,0.4480
850,4.418664,1.000000e-03,0.5370
860,4.399135,1.000000e-03,0.4200
870,4.376421,1.000000e-03,0.4390
880,4.409129,1.000000e-03,0.3880
890,4.374125,1.000000e-03,0.4330
900,4.383854,1.000000e-03,0.4340
910,4.332992,1.000000e-03,0.4350
920,4.370782,1.000000e-03,0.4520
930,4.352271,1.000000e-03,0.3950
940,4.304955,1.000000e-03,0.4180
950,4.300706,1.000000e-03,0.4140
960,4.301696,1.000000e-03,0.4130
970,4.308881,1.000000e-03,0.3950
980,4.274000,1.000000e-03,0.4330
990,4.294130,1.000000e-03,0.4360
1000,4.292549,1.000000e-03,0.4260
1010,4.275161,1.000000e-03,0.4080
1020,4.263835,1.000000e-03,0.4470
1030,4.235483,1.000000e-03,0.4060
1040,4.228607,1.000000e-03,0.4240
1050,4.236362,1.000000e-03,0.3970
1060,4.209115,1.000000e-03,0.4320
1070,4.203227,1.000000e-03,0.3960
1080,4.204987,1.000000e-03,0.4160
1090,4.243760,1.000000e-03,0.4140
1100,4.203410,1.000000e-03,0.4420
1110,4.150954,1.000000e-03,0.4320
1120,4.214916,1.000000e-03,0.3920
1130,4.100437,1.000000e-03,0.3810
1140,4.169971,1.000000e-03,0.3890
1150,4.144923,1.000000e-03,0.4070
1160,4.120975,1.000000e-03,0.3720
1170,4.125007,1.000000e-03,0.3860
1180,4.137837,1.000000e-03,0.4190
1190,4.132399,1.000000e-03,0.3930
1200,4.031850,1.000000e-03,0.4160
1210,4.097191,1.000000e-03,0.4150
1220,4.086920,1.000000e-03,0.3910
1230,4.092978,1.000000e-03,0.4300
1240,4.100274,1.000000e-03,0.3870
1250,4.029832,1.000000e-03,0.4230
1260,4.057164,1.000000e-03,0.3860
1270,4.084296,1.000000e-03,0.4080
1280,4.025463,1.000000e-03,0.3960
1290,4.068758,1.000000e-03,0.4000
1300,4.033909,1.000000e-03,0.4140
1310,4.025661,1.000000e-03,0.3740
1320,4.044901,1.000000e-03,0.3660
1330,3.992809,1.000000e-03,0.4010
1340,4.080827,1.000000e-03,0.4190
1350,3.982502,1.000000e-03,0.3740
1360,3.946935,1.000000e-03,0.4490
1370,4.048410,1.000000e-03,0.3950
1380,4.011200,1.000000e-03,0.3930
1390,3.971684,1.000000e-03,0.4100
1400,3.977433,1.000000e-03,0.3970
1410,3.929263,1.000000e-03,0.4100
1420,3.936997,1.000000e-03,0.3870
1430,3.928132,1.000000e-03,0.3890
1440,3.925276,1.000000e-03,0.4010
1450,3.936306,1.000000e-03,0.3820
1460,3.905970,1.000000e-03,0.3900
1470,3.853242,1.000000e-03,0.3840
1480,3.926676,1.000000e-03,0.3950
1490,3.913747,1.000000e-03,0.3790
1500,3.887325,1.000000e-03,0.3910
1510,3.844268,1.000000e-03,0.4040
1520,3.876622,1.000000e-03,0.4120
1530,3.864594,1.000000e-03,0.4220
1540,3.831312,1.000000e-03,0.4420
1550,3.796819,1.000000e-03,0.3860
1560,3.711890,1.000000e-03,0.3970
1570,3.732590,1.000000e-03,0.4030
1580,3.775427,1.000000e-03,0.4380
1590,3.772875,1.000000e-03,0.3920
1600,3.718027,1.000000e-03,0.4040
1610,3.681773,1.000000e-03,0.4030
1620,3.683574,1.000000e-03,0.4000
1630,3.654360,1.000000e-03,0.4030
1640,3.661564,1.000000e-03,0.4230
1650,3.638639,1.000000e-03,0.4210
1660,3.590380,1.000000e-03,0.4020
1670,3.600299,1.000000e-03,0.4110
1680,3.630584,1.000000e-03,0.4070
1690,3.534259,1.000000e-03,0.3990
1700,3.606218,1.000000e-03,0.4200
1710,3.498600,1.000000e-03,0.4020
1720,3.574593,1.000000e-03,0.4050
1730,3.569083,1.000000e-03,0.4090
1740,3.529240,1.000000e-03,0.3780
1750,3.524096,1.000000e-03,0.3890
1760,3.495069,1.000000e-03,0.3810
1770,3.494475,1.000000e-03,0.3960
1780,3.480813,1.000000e-03,0.3870
1790,3.502224,1.000000e-03,0.4160
1800,3.490553,1.000000e-03,0.4530
1810,3.460463,1.000000e-03,0.3770
1820,3.472676,1.000000e-03,0.3740
1830,3.465424,1.000000e-03,0.3970
1840,3.432707,1.000000e-03,0.3730
1850,3.465735,1.000000e-03,0.3940
1860,3.433217,1.000000e-03,0.3620
1870,3.411975,1.000000e-03,0.3860
1880,3.460468,1.000000e-03,0.3940
1890,3.458304,1.000000e-03,0.3840
1900,3.454124,1.000000e-03,0.3900
1910,3.410063,1.000000e-03,0.4030
1920,3.383198,1.000000e-03,0.3660
1930,3.417931,1.000000e-03,0.3550
1940,3.368013,1.000000e-03,0.3780
1950,3.410116,1.000000e-03,0.3730
1960,3.361971,1.000000e-03,0.3510
1970,3.323655,1.000000e-03,0.3800
1980,3.341098,1.000000e-03,0.3580
1990,3.368016,1.000000e-03,0.3700
2000,3.389019,1.000000e-03,0.3610
2010,3.316445,1.000000e-03,0.3670
2020,3.308374,1.000000e-03,0.3540
2030,3.354182,1.000000e-03,0.3470
2040,3.331320,1.000000e-03,0.3830
2050,3.320049,1.000000e-03,0.3750
2060,3.291153,1.000000e-03,0.3430
2070,3.363755,1.000000e-03,0.3480
2080,3.310255,1.000000e-03,0.3870
2090,3.302557,1.000000e-03,0.3440
2100,3.291639,1.000000e-03,0.3540
2110,3.247134,1.000000e-03,0.3540
2120,3.238663,1.000000e-03,0.3590
2130,3.305728,1.000000e-03,0.3450
2140,3.275600,1.000000e-03,0.3520
2150,3.308804,1.000000e-03,0.3590
2160,3.234411,1.000000e-03,0.3410
2170,3.274821,1.000000e-03,0.3400
2180,3.224511,1.000000e-03,0.3390
2190,3.238214,1.000000e-03,0.3420
2200,3.266800,1.000000e-03,0.3480
2210,3.226946,1.000000e-03,0.3380
2220,3.268727,1.000000e-03,0.3400
2230,3.261586,1.000000e-03,0.3640
2240,3.254149,1.000000e-03,0.3540
2250,3.234028,1.000000e-03,0.3770
2260,3.181273,1.000000e-03,0.3470
2270,3.220609,1.000000e-03,0.3580
2280,3.213994,1.000000e-03,0.3440
2290,3.252860,1.000000e-03,0.3550
2300,3.217025,1.000000e-03,0.3290
2310,3.224413,1.000000e-03,0.3400
2320,3.204138,1.000000e-03,0.3320
2330,3.205336,1.000000e-03,0.3360
2340,3.163993,1.000000e-03,0.3480
2350,3.201520,1.000000e-03,0.3110
2360,3.136549,1.000000e-03,0.3300
2370,3.208927,1.000000e-03,0.3170
2380,3.176232,1.000000e-03,0.3660
2390,3.164089,1.000000e-03,0.3430
2400,3.186186,1.000000e-03,0.3340
2410,3.146252,1.000000e-03,0.3260
2420,3.194030,1.000000e-03,0.3330
2430,3.207025,1.000000e-03,0.3600
2440,3.141365,1.000000e-03,0.3300
2450,3.131867,1.000000e-03,0.3350
2460,3.138028,1.000000e-03,0.3160
2470,3.192000,1.000000e-03,0.3320
2480,3.130872,1.000000e-03,0.3450
2490,3.176030,1.000000e-03,0.3230
2500,3.235558,1.000000e-03,0.3210
2510,3.139506,1.000000e-03,0.3300
2520,3.149903,1.000000e-03,0.3550
2530,3.179256,1.000000e-03,0.3280
2540,3.134464,1.000000e-03,0.3170
2550,3.176999,1.000000e-03,0.3290
2560,3.105269,1.000000e-03,0.3160
2570,3.151356,1.000000e-03,0.3220
2580,3.118800,1.000000e-03,0.3450
2590,3.175679,1.000000e-03,0.3400
2600,3.147759,1.000000e-03,0.3160
2610,3.034111,1.000000e-03,0.3430
2620,3.105031,1.000000e-03,0.3150
2630,3.125336,1.000000e-03,0.3320
2640,3.126026,1.000000e-03,0.3760
2650,3.132806,1.000000e-03,0.3290
2660,3.034552,1.000000e-03,0.3330
2670,3.145785,1.000000e-03,0.3330
2680,3.167364,1.000000e-03,0.3180
2690,3.143987,1.000000e-03,0.4750
2700,3.100561,1.000000e-03,0.3210
2710,3.108735,1.000000e-03,0.3130
2720,3.108142,1.000000e-03,0.3070
2730,3.128149,1.000000e-03,0.3280
2740,3.083294,1.000000e-03,0.3080
2750,3.054825,1.000000e-03,0.3240
2760,3.044451,1.000000e-03,0.3190
2770,3.109227,1.000000e-03,0.2990
2780,3.066108,1.000000e-03,0.3270
2790,3.064103,1.000000e-03,0.3570
2800,3.051004,1.000000e-03,0.3220
2810,3.054434,1.000000e-03,0.3120
2820,3.095490,1.000000e-03,0.3190
2830,3.000959,1.000000e-03,0.3190
2840,3.052583,1.000000e-03,0.3140
2850,3.082750,1.000000e-03,0.3370
2860,3.028860,1.000000e-03,0.3060
2870,3.039733,1.000000e-03,0.3220
2880,3.033165,1.000000e-03,0.3240
2890,3.056677,1.000000e-03,0.3230
2900,3.071981,1.000000e-03,0.3170
2910,3.066718,1.000000e-03,0.3010
2920,3.058710,1.000000e-03,0.3210
2930,3.075594,1.000000e-03,0.3120
2940,3.012094,1.000000e-03,0.3080
2950,3.031676,1.000000e-03,0.3010
2960,2.977323,1.000000e-03,0.3140
2970,3.029433,1.000000e-03,0.3050
2980,3.022202,1.000000e-03,0.3070
2990,3.038230,1.000000e-03,0.3020
3000,3.016862,1.000000e-03,0.2970
3010,2.993524,1.000000e-03,0.2950
3020,3.042519,1.000000e-03,0.2900
3030,3.018756,1.000000e-03,0.3010
3040,3.010744,1.000000e-03,0.2990
3050,3.075142,1.000000e-03,0.3190
3060,3.015444,1.000000e-03,0.3030
3070,2.992912,1.000000e-03,0.2850
3080,2.988301,1.000000e-03,0.3030
3090,3.031610,1.000000e-03,0.2870
3100,3.029395,1.000000e-03,0.2960
3110,2.979138,1.000000e-03,0.2910
3120,3.057156,1.000000e-03,0.3150
3130,3.012134,1.000000e-03,0.3110
3140,3.008425,1.000000e-03,0.3050
3150,2.990102,1.000000e-03,0.2940
3160,2.994475,1.000000e-03,0.3000
3170,3.005682,1.000000e-03,0.3040
3180,2.987854,1.000000e-03,0.2890
3190,2.964523,1.000000e-03,0.2980
3200,3.009169,1.000000e-03,0.2810
3210,2.976529,1.000000e-03,0.3060
3220,3.010266,1.000000e-03,0.2990
3230,2.987719,1.000000e-03,0.3070
3240,2.968074,1.000000e-03,0.2940
3250,2.965467,1.000000e-03,0.3010
3260,3.005028,1.000000e-03,0.2920
3270,3.017756,1.000000e-03,0.2880
3280,3.005648,1.000000e-03,0.2880
3290,2.986776,1.000000e-03,0.2850
3300,2.939833,1.000000e-03,0.3030
3310,2.981394,1.000000e-03,0.2840
3320,2.993562,1.000000e-03,0.2860
3330,2.962712,1.000000e-03,0.2880
3340,2.958467,1.000000e-03,0.2990
3350,2.939568,1.000000e-03,0.2920
3360,2.954711,1.000000e-03,0.2880
3370,2.945704,1.000000e-03,0.2960
3380,2.979363,1.000000e-03,0.2960
3390,2.961539,1.000000e-03,0.2790
3400,2.982036,1.000000e-03,0.2980
3410,2.907768,1.000000e-03,0.3070
3420,2.992773,1.000000e-03,0.2800
3430,2.980620,1.000000e-03,0.2780
3440,2.990433,1.000000e-03,0.2950
3450,2.992705,1.000000e-03,0.2930
3460,2.924574,1.000000e-03,0.2870
3470,2.954005,1.000000e-03,0.2980
3480,2.913412,1.000000e-03,0.2920
3490,2.904404,1.000000e-03,0.2970
3500,2.936493,1.000000e-03,0.3010
3510,2.908822,1.000000e-03,0.2910
3520,2.958920,1.000000e-03,0.2970
3530,2.978423,1.000000e-03,0.2910
3540,2.943950,1.000000e-03,0.3040
3550,2.892320,1.000000e-03,0.3410
3560,2.916736,1.000000e-03,0.3050
3570,2.975471,1.000000e-03,0.2870
3580,2.941828,1.000000e-03,0.2900
3590,2.911986,1.000000e-03,0.3040
3600,2.952054,1.000000e-03,0.3050
3610,2.865572,1.000000e-03,0.2940
3620,3.027794,1.000000e-03,0.2670
3630,2.871094,1.000000e-03,0.2960
3640,2.952966,1.000000e-03,0.2920
3650,2.946512,1.000000e-03,0.2850
3660,2.908205,1.000000e-03,0.2850
3670,2.933742,1.000000e-03,0.2820
3680,2.966469,1.000000e-03,0.2800
3690,2.922586,1.000000e-03,0.2800
3700,2.917714,1.000000e-03,0.2940
3710,2.889812,1.000000e-03,0.2810
3720,2.934215,1.000000e-03,0.2750
3730,2.920700,1.000000e-03,0.3000
3740,2.920989,1.000000e-03,0.2730
3750,2.910322,1.000000e-03,0.2760
3760,2.911180,1.000000e-03,0.2920
3770,2.903984,1.000000e-03,0.2760
3780,2.922523,1.000000e-03,0.3160
3790,2.931889,1.000000e-03,0.2850
3800,2.951915,1.000000e-03,0.2960
3810,2.895499,1.000000e-03,0.2850
3820,2.909888,1.000000e-03,0.2780
3830,2.873919,1.000000e-03,0.2690
3840,2.891796,1.000000e-03,0.2880
3850,2.914293,1.000000e-03,0.2750
3860,2.893014,1.000000e-03,0.2830
3870,2.954087,1.000000e-03,0.2860
3880,2.885088,1.000000e-03,0.2700
3890,2.879802,1.000000e-03,0.2760
3900,2.887845,1.000000e-03,0.3210
3910,2.933501,1.000000e-03,0.2650
3920,2.934692,1.000000e-03,0.2700
3930,2.889821,1.000000e-03,0.2800
3940,2.891322,1.000000e-03,0.2840
3950,2.904236,1.000000e-03,0.2730
3960,2.841454,1.000000e-03,0.2810
3970,2.891175,1.000000e-03,0.2670
3980,2.877889,1.000000e-03,0.2830
3990,2.927324,1.000000e-03,0.2740
4000,2.914517,1.000000e-03,0.2840
4010,2.875352,1.000000e-03,0.2750
4020,2.888827,1.000000e-03,0.2740
4030,2.878275,1.000000e-03,0.3210
4040,2.880283,1.000000e-03,0.2880
4050,2.970239,1.000000e-03,0.2810
4060,2.881901,1.000000e-03,0.2820
4070,2.887163,1.000000e-03,0.2600
4080,2.883237,1.000000e-03,0.2870
4090,2.885170,1.000000e-03,0.2770
4100,2.916947,1.000000e-03,0.2750
4110,2.848766,1.000000e-03,0.2690
4120,2.851013,1.000000e-03,0.2700
4130,2.876420,1.000000e-03,0.2850
4140,2.888363,1.000000e-03,0.2780
4150,2.888322,1.000000e-03,0.2660
4160,2.872224,1.000000e-03,0.2650
4170,2.894813,1.000000e-03,0.2770
4180,2.868014,1.000000e-03,0.2660
4190,2.886913,1.000000e-03,0.3040
4200,2.862467,1.000000e-03,0.2790
4210,2.832095,1.000000e-03,0.2740
4220,2.824845,1.000000e-03,0.2550
4230,2.902736,1.000000e-03,0.2760
4240,2.870474,1.000000e-03,0.2790
4250,2.861907,1.000000e-03,0.2770
4260,2.866917,1.000000e-03,0.2950
4270,2.844522,1.000000e-03,0.2630
4280,2.874880,1.000000e-03,0.2690
4290,2.834824,1.000000e-03,0.2760
4300,2.906750,1.000000e-03,0.2750
4310,2.821946,1.000000e-03,0.2640
4320,2.846499,1.000000e-03,0.2640
4330,2.867059,1.000000e-03,0.2720
4340,2.899977,1.000000e-03,0.2640
4350,2.830577,1.000000e-03,0.2830
4360,2.832578,1.000000e-03,0.2770
4370,2.865076,1.000000e-03,0.2760
4380,2.854442,1.000000e-03,0.2590
4390,2.839653,1.000000e-03,0.2700
4400,2.841724,1.000000e-03,0.2650
4410,2.821374,1.000000e-03,0.2780
4420,2.847479,1.000000e-03,0.2660
4430,2.861266,1.000000e-03,0.2690
4440,2.884242,1.000000e-03,0.2770
4450,2.834833,1.000000e-03,0.2960
4460,2.808375,1.000000e-03,0.2650
4470,2.855716,1.000000e-03,0.2710
4480,2.852980,1.000000e-03,0.2790
4490,2.801970,1.000000e-03,0.2750
4500,2.823531,1.000000e-03,0.2650
4510,2.856239,1.000000e-03,0.2630
4520,2.789134,1.000000e-03,0.2610
4530,2.816686,1.000000e-03,0.2620
4540,2.824970,1.000000e-03,0.2650
4550,2.809007,1.000000e-03,0.2910
4560,2.820988,1.000000e-03,0.2670
4570,2.861464,1.000000e-03,0.2890
4580,2.840610,1.000000e-03,0.2690
4590,2.806607,1.000000e-03,0.2600
4600,2.817555,1.000000e-03,0.2700
4610,2.798174,1.000000e-03,0.2610
4620,2.796308,1.000000e-03,0.2560
4630,2.856657,1.000000e-03,0.2570
4640,2.843280,1.000000e-03,0.2560
4650,2.864507,1.000000e-03,0.2690
4660,2.783959,1.000000e-03,0.2580
4670,2.832166,1.000000e-03,0.2730
4680,2.826821,1.000000e-03,0.2610
4690,2.813416,1.000000e-03,0.2570
4700,2.758340,1.000000e-03,0.2880
4710,2.800604,1.000000e-03,0.2510
4720,2.790528,1.000000e-03,0.2590
4730,2.805279,1.000000e-03,0.2630
4740,2.765303,1.000000e-03,0.2500
4750,2.768757,1.000000e-03,0.2780
4760,2.841976,1.000000e-03,0.2630
4770,2.751968,1.000000e-03,0.2630
4780,2.809504,1.000000e-03,0.2660
4790,2.804561,1.000000e-03,0.2690
4800,2.816595,1.000000e-03,0.2610
4810,2.755871,1.000000e-03,0.2600
4820,2.776818,1.000000e-03,0.2650
4830,2.836787,1.000000e-03,0.2630
4840,2.806604,1.000000e-03,0.2670
4850,2.817612,1.000000e-03,0.2540
4860,2.763902,1.000000e-03,0.2600
4870,2.799169,1.000000e-03,0.2610
4880,2.786059,1.000000e-03,0.2580
4890,2.819416,1.000000e-03,0.2620
4900,2.745343,1.000000e-03,0.2620
4910,2.748658,1.000000e-03,0.2550
4920,2.840040,1.000000e-03,0.2600
4930,2.814778,1.000000e-03,0.2630
4940,2.750252,1.000000e-03,0.2590
4950,2.764059,1.000000e-03,0.2650
4960,2.812893,1.000000e-03,0.2620
4970,2.767352,1.000000e-03,0.2670
4980,2.835438,1.000000e-03,0.2570
4990,2.767196,1.000000e-03,0.2710
5000,2.797828,1.000000e-03,0.2590
5010,2.732656,1.000000e-03,0.2680
5020,2.784356,1.000000e-03,0.2490
5030,2.750748,1.000000e-03,0.2720
5040,2.744769,1.000000e-03,0.2680
5050,2.746855,1.000000e-03,0.2490
5060,2.757069,1.000000e-03,0.2550
5070,2.809779,1.000000e-03,0.2490
5080,2.753377,1.000000e-03,0.2530
5090,2.831190,1.000000e-03,0.2520
5100,2.764203,1.000000e-03,0.2440
5110,2.709664,1.000000e-03,0.2530
5120,2.798901,1.000000e-03,0.2560
5130,2.761306,1.000000e-03,0.2680
5140,2.802952,1.000000e-03,0.2690
5150,2.824463,1.000000e-03,0.2520
5160,2.749906,1.000000e-03,0.2540
5170,2.770280,1.000000e-03,0.2440
5180,2.755066,1.000000e-03,0.2510
5190,2.830866,1.000000e-03,0.2780
5200,2.787099,1.000000e-03,0.2450
5210,2.727027,1.000000e-03,0.2670
5220,2.786891,1.000000e-03,0.2570
5230,2.715800,1.000000e-03,0.2650
5240,2.781666,1.000000e-03,0.2610
5250,2.758138,1.000000e-03,0.2720
5260,2.699023,1.000000e-03,0.2560
5270,2.757174,1.000000e-03,0.2580
5280,2.762121,1.000000e-03,0.2600
5290,2.717252,1.000000e-03,0.2590
5300,2.757397,1.000000e-03,0.2510
5310,2.711400,1.000000e-03,0.2450
5320,2.762947,1.000000e-03,0.2530
5330,2.742676,1.000000e-03,0.2570
5340,2.781193,1.000000e-03,0.2600
5350,2.787074,1.000000e-03,0.2850
5360,2.740363,1.000000e-03,0.2610
5370,2.750926,1.000000e-03,0.2430
5380,2.707551,1.000000e-03,0.2660
5390,2.719942,1.000000e-03,0.2840
5400,2.754572,1.000000e-03,0.2490
5410,2.749621,1.000000e-03,0.2620
5420,2.727617,1.000000e-03,0.2540
5430,2.762037,1.000000e-03,0.2510
5440,2.750533,1.000000e-03,0.2580
5450,2.727537,1.000000e-03,0.2490
5460,2.740358,1.000000e-03,0.2470
5470,2.742696,1.000000e-03,0.2650
5480,2.729331,1.000000e-03,0.2490
5490,2.760715,1.000000e-03,0.2500
5500,2.767205,1.000000e-03,0.2520
5510,2.682939,1.000000e-03,0.2540
5520,2.694745,1.000000e-03,0.2560
5530,2.778926,1.000000e-03,0.2480
5540,2.775218,1.000000e-03,0.2650
5550,2.742468,1.000000e-03,0.2530
5560,2.749876,1.000000e-03,0.2460
5570,2.722898,1.000000e-03,0.2510
5580,2.741783,1.000000e-03,0.2500
5590,2.685104,1.000000e-03,0.2550
5600,2.767098,1.000000e-03,0.2520
5610,2.721161,1.000000e-03,0.2530
5620,2.777151,1.000000e-03,0.2660
5630,2.709426,1.000000e-03,0.2570
5640,2.727256,1.000000e-03,0.2490
5650,2.743627,1.000000e-03,0.2470
5660,2.708640,1.000000e-03,0.2530
5670,2.749575,1.000000e-03,0.2540
5680,2.722016,1.000000e-03,0.2630
5690,2.755642,1.000000e-03,0.2630
5700,2.685316,1.000000e-03,0.2560
5710,2.691247,1.000000e-03,0.2500
5720,2.705323,1.000000e-03,0.2530
5730,2.723769,1.000000e-03,0.2430
5740,2.710800,1.000000e-03,0.2450
5750,2.680081,1.000000e-03,0.2480
5760,2.712618,1.000000e-03,0.2580
5770,2.691405,1.000000e-03,0.2600
5780,2.776899,1.000000e-03,0.2490
5790,2.763580,1.000000e-03,0.2640
5800,2.704710,1.000000e-03,0.2780
5810,2.736644,1.000000e-03,0.2690
5820,2.712509,1.000000e-03,0.2490
5830,2.765507,1.000000e-03,0.2560
5840,2.728731,1.000000e-03,0.2510
5850,2.719956,1.000000e-03,0.2700
5860,2.670439,1.000000e-03,0.2430
5870,2.702165,1.000000e-03,0.2350
5880,2.726288,1.000000e-03,0.2550
5890,2.677968,1.000000e-03,0.2450
5900,2.713843,1.000000e-03,0.2450
5910,2.745680,1.000000e-03,0.2550
5920,2.764656,1.000000e-03,0.2630
5930,2.730071,1.000000e-03,0.2560
5940,2.721550,1.000000e-03,0.2540
5950,2.668623,1.000000e-03,0.2730
5960,2.704751,1.000000e-03,0.2630
5970,2.691080,1.000000e-03,0.2420
5980,2.736433,1.000000e-03,0.2370
5990,2.704047,1.000000e-03,0.2560
6000,2.697625,1.000000e-03,0.2450
6010,2.710995,1.000000e-03,0.2400
6020,2.690712,1.000000e-03,0.2390
6030,2.664457,1.000000e-03,0.2430
6040,2.734307,1.000000e-03,0.2550
6050,2.733594,1.000000e-03,0.2560
6060,2.681691,1.000000e-03,0.2480
6070,2.677805,1.000000e-03,0.2510
6080,2.738139,1.000000e-03,0.2850
6090,2.693572,1.000000e-03,0.2600
6100,2.644707,1.000000e-03,0.2630
6110,2.674491,1.000000e-03,0.2510
6120,2.678475,1.000000e-03,0.2470
6130,2.744848,1.000000e-03,0.2570
6140,2.686498,1.000000e-03,0.2690
6150,2.643028,1.000000e-03,0.2530
6160,2.697231,1.000000e-03,0.2460
6170,2.655541,1.000000e-03,0.2570
6180,2.696350,1.000000e-03,0.2510
6190,2.690704,1.000000e-03,0.2360
6200,2.690471,1.000000e-03,0.2330
6210,2.653107,1.000000e-03,0.2550
6220,2.704574,1.000000e-03,0.2920
6230,2.707617,1.000000e-03,0.2470
6240,2.716742,1.000000e-03,0.2510
6250,2.726849,1.000000e-03,0.2380
6260,2.718766,1.000000e-03,0.2460
6270,2.687008,1.000000e-03,0.2490
6280,2.699138,1.000000e-03,0.2550
6290,2.742574,1.000000e-03,0.2530
6300,2.688432,1.000000e-03,0.2440
6310,2.658241,1.000000e-03,0.2410
6320,2.743085,1.000000e-03,0.2560
6330,2.694215,1.000000e-03,0.2410
6340,2.687646,1.000000e-03,0.2450
6350,2.690604,1.000000e-03,0.2600
6360,2.632257,1.000000e-03,0.2380
6370,2.722134,1.000000e-03,0.2620
6380,2.651428,1.000000e-03,0.2440
6390,2.707950,1.000000e-03,0.2610
6400,2.694794,1.000000e-03,0.2520
6410,2.633703,1.000000e-03,0.2560
6420,2.708328,1.000000e-03,0.2840
6430,2.648956,1.000000e-03,0.2500
6440,2.658102,1.000000e-03,0.2580
6450,2.685373,1.000000e-03,0.2570
6460,2.653672,1.000000e-03,0.2370
6470,2.712534,1.000000e-03,0.2500
6480,2.678300,1.000000e-03,0.2430
6490,2.662810,1.000000e-03,0.2500
6500,2.643638,1.000000e-03,0.2370
6510,2.682139,1.000000e-03,0.2380
6520,2.668685,1.000000e-03,0.2460
6530,2.699863,1.000000e-03,0.2390
6540,2.685322,1.000000e-03,0.2460
6550,2.701826,1.000000e-03,0.2400
6560,2.614323,1.000000e-03,0.2550
6570,2.649281,1.000000e-03,0.2480
6580,2.710610,1.000000e-03,0.2560
6590,2.706403,1.000000e-03,0.2530
6600,2.671025,1.000000e-03,0.2410
6610,2.654668,1.000000e-03,0.2620
6620,2.676126,1.000000e-03,0.2390
6630,2.656483,1.000000e-03,0.2470
6640,2.677439,1.000000e-03,0.3210
6650,2.648673,1.000000e-03,0.2560
6660,2.612255,1.000000e-03,0.2330
6670,2.644917,1.000000e-03,0.2390
6680,2.684198,1.000000e-03,0.2440
6690,2.672010,1.000000e-03,0.2420
6700,2.662920,1.000000e-03,0.2430
6710,2.616367,1.000000e-03,0.2320
6720,2.693222,1.000000e-03,0.2400
6730,2.609707,1.000000e-03,0.2400
6740,2.605272,1.000000e-03,0.2440
6750,2.621589,1.000000e-03,0.2380
6760,2.645332,1.000000e-03,0.2400
6770,2.682982,1.000000e-03,0.2390
6780,2.620293,1.000000e-03,0.2370
6790,2.621628,1.000000e-03,0.2520
6800,2.641411,1.000000e-03,0.2610
6810,2.665857,1.000000e-03,0.2340
6820,2.682055,1.000000e-03,0.2350
6830,2.661725,1.000000e-03,0.2550
6840,2.637481,1.000000e-03,0.2710
6850,2.597887,1.000000e-03,0.2400
6860,2.642394,1.000000e-03,0.2490
6870,2.667222,1.000000e-03,0.2610
6880,2.704896,1.000000e-03,0.2440
6890,2.709855,1.000000e-03,0.2640
6900,2.640499,1.000000e-03,0.2510
6910,2.626009,1.000000e-03,0.2330
6920,2.648744,1.000000e-03,0.2370
6930,2.639211,1.000000e-03,0.2420
6940,2.639310,1.000000e-03,0.2690
6950,2.638300,1.000000e-03,0.2310
6960,2.652804,1.000000e-03,0.2260
6970,2.663429,1.000000e-03,0.2490
6980,2.645662,1.000000e-03,0.2420
6990,2.639243,1.000000e-03,0.2440
7000,2.622288,1.000000e-03,0.2440
7010,2.624248,1.000000e-03,0.2430
7020,2.608503,1.000000e-03,0.2380
7030,2.697048,1.000000e-03,0.2410
7040,2.678601,1.000000e-03,0.2340
7050,2.662355,1.000000e-03,0.2320
7060,2.694709,1.000000e-03,0.2510
7070,2.626694,1.000000e-03,0.2290
7080,2.622351,1.000000e-03,0.2590
7090,2.652928,1.000000e-03,0.2340
7100,2.616149,1.000000e-03,0.2340
7110,2.616691,1.000000e-03,0.2520
7120,2.658941,1.000000e-03,0.2360
7130,2.662980,1.000000e-03,0.2540
7140,2.637147,1.000000e-03,0.2350
7150,2.655790,1.000000e-03,0.2410
7160,2.646026,1.000000e-03,0.2400
7170,2.635883,1.000000e-03,0.2420
7180,2.619058,1.000000e-03,0.2420
7190,2.670648,1.000000e-03,0.2360
7200,2.642445,1.000000e-03,0.2610
7210,2.595301,1.000000e-03,0.2340
7220,2.632261,1.000000e-03,0.2420
7230,2.675140,1.000000e-03,0.2520
7240,2.637349,1.000000e-03,0.2360
7250,2.712337,1.000000e-03,0.2470
7260,2.599297,1.000000e-03,0.2360
7270,2.621260,1.000000e-03,0.2350
7280,2.656760,1.000000e-03,0.2640
7290,2.604357,1.000000e-03,0.2410
7300,2.654728,1.000000e-03,0.2340
7310,2.606829,1.000000e-03,0.2380
7320,2.686434,1.000000e-03,0.2320
7330,2.614746,1.000000e-03,0.2400
7340,2.643281,1.000000e-03,0.2380
7350,2.671074,1.000000e-03,0.2530
7360,2.550330,1.000000e-03,0.2400
7370,2.636237,1.000000e-03,0.2380
7380,2.608344,1.000000e-03,0.2410
7390,2.641220,1.000000e-03,0.2490
7400,2.588005,1.000000e-03,0.2370
7410,2.615771,1.000000e-03,0.2250
7420,2.623888,1.000000e-03,0.2320
7430,2.651011,1.000000e-03,0.2310
7440,2.632499,1.000000e-03,0.2320
7450,2.658706,1.000000e-03,0.2340
7460,2.603395,1.000000e-03,0.2400
7470,2.626143,1.000000e-03,0.2320
7480,2.636888,1.000000e-03,0.2450
7490,2.608508,1.000000e-03,0.2510
7500,2.583440,1.000000e-03,0.2330
7510,2.633155,1.000000e-03,0.2450
7520,2.609417,1.000000e-03,0.2370
7530,2.598275,1.000000e-03,0.2600
7540,2.636659,1.000000e-03,0.2340
7550,2.617631,1.000000e-03,0.2300
7560,2.610024,1.000000e-03,0.2350
7570,2.603782,1.000000e-03,0.2390
7580,2.644989,1.000000e-03,0.2410
7590,2.573109,1.000000e-03,0.2440
7600,2.633543,1.000000e-03,0.2420
7610,2.674655,1.000000e-03,0.2520
7620,2.561152,1.000000e-03,0.2340
7630,2.619504,1.000000e-03,0.2470
7640,2.651971,1.000000e-03,0.2400
7650,2.629466,1.000000e-03,0.2390
7660,2.579050,1.000000e-03,0.2320
7670,2.648081,1.000000e-03,0.2420
7680,2.609511,1.000000e-03,0.2390
7690,2.650816,1.000000e-03,0.2410
7700,2.677140,1.000000e-03,0.2370
7710,2.574021,1.000000e-03,0.2390
7720,2.654350,1.000000e-03,0.2480
7730,2.569865,1.000000e-03,0.2370
7740,2.592033,1.000000e-03,0.2310
7750,2.622066,1.000000e-03,0.2340
7760,2.603243,1.000000e-03,0.2350
7770,2.629152,1.000000e-03,0.2520
7780,2.593978,1.000000e-03,0.2450
7790,2.630674,1.000000e-03,0.2420
7800,2.622107,1.000000e-03,0.2290
7810,2.578032,1.000000e-03,0.2400
7820,2.621143,1.000000e-03,0.2320
7830,2.598755,1.000000e-03,0.2380
7840,2.613837,1.000000e-03,0.2580
7850,2.615727,1.000000e-03,0.2400
7860,2.579891,1.000000e-03,0.2270
7870,2.595580,1.000000e-03,0.2260
7880,2.636891,1.000000e-03,0.2310
7890,2.634912,1.000000e-03,0.2390
7900,2.602321,1.000000e-03,0.2430
7910,2.608662,1.000000e-03,0.2570
7920,2.547771,1.000000e-03,0.2350
7930,2.596066,1.000000e-03,0.2300
7940,2.590505,1.000000e-03,0.2350
7950,2.591044,1.000000e-03,0.2370
7960,2.565510,1.000000e-03,0.2260
7970,2.628071,1.000000e-03,0.2300
7980,2.614907,1.000000e-03,0.2350
7990,2.583939,1.000000e-03,0.2280
8000,2.588299,1.000000e-03,0.2500
8010,2.562078,1.000000e-03,0.2450
8020,2.648403,1.000000e-03,0.2380
8030,2.636374,1.000000e-03,0.2470
8040,2.589388,1.000000e-03,0.2470
8050,2.557935,1.000000e-03,0.2420
8060,2.612243,1.000000e-03,0.2400
8070,2.542434,1.000000e-03,0.2270
8080,2.624712,1.000000e-03,0.2260
8090,2.577606,1.000000e-03,0.2330
8100,2.600019,1.000000e-03,0.2340
8110,2.576386,1.000000e-03,0.2470
8120,2.576915,1.000000e-03,0.2390
8130,2.631716,1.000000e-03,0.2560
8140,2.570006,1.000000e-03,0.2390
8150,2.608396,1.000000e-03,0.2280
8160,2.609640,1.000000e-03,0.2380
8170,2.574890,1.000000e-03,0.2410
8180,2.594475,1.000000e-03,0.2320
8190,2.599398,1.000000e-03,0.2500
8200,2.584387,1.000000e-03,0.2400
8210,2.560127,1.000000e-03,0.2340
8220,2.573803,1.000000e-03,0.2360
8230,2.600103,1.000000e-03,0.2330
8240,2.613755,1.000000e-03,0.2820
8250,2.583911,1.000000e-03,0.2310
8260,2.572663,1.000000e-03,0.2400
8270,2.569813,1.000000e-03,0.2230
8280,2.568410,1.000000e-03,0.2500
8290,2.605109,1.000000e-03,0.2370
8300,2.635152,1.000000e-03,0.2390
8310,2.564945,1.000000e-03,0.2430
8320,2.557418,1.000000e-03,0.2320
8330,2.549030,1.000000e-03,0.2340
8340,2.558685,1.000000e-03,0.2400
8350,2.584005,1.000000e-03,0.2470
8360,2.593411,1.000000e-03,0.2640
8370,2.568494,1.000000e-03,0.2350
8380,2.666712,1.000000e-03,0.2390
8390,2.578517,1.000000e-03,0.2280
8400,2.572100,1.000000e-03,0.2380
8410,2.556325,1.000000e-03,0.2270
8420,2.644615,1.000000e-03,0.2310
8430,2.542900,1.000000e-03,0.2320
8440,2.575047,1.000000e-03,0.2370
8450,2.536590,1.000000e-03,0.2160
8460,2.533821,1.000000e-03,0.2320
8470,2.607142,1.000000e-03,0.2280
8480,2.551920,1.000000e-03,0.2270
8490,2.568674,1.000000e-03,0.2290
8500,2.566824,1.000000e-03,0.2450
8510,2.582236,1.000000e-03,0.2250
8520,2.561330,1.000000e-03,0.2360
8530,2.603274,1.000000e-03,0.2350
8540,2.536629,1.000000e-03,0.2260
8550,2.569073,1.000000e-03,0.2380
8560,2.618112,1.000000e-03,0.2300
8570,2.560031,1.000000e-03,0.2420
8580,2.587113,1.000000e-03,0.2320
8590,2.599585,1.000000e-03,0.2420
8600,2.563888,1.000000e-03,0.2370
8610,2.524903,1.000000e-03,0.2330
8620,2.598870,1.000000e-03,0.2340
8630,2.562222,1.000000e-03,0.2250
8640,2.561773,1.000000e-03,0.2340
8650,2.554932,1.000000e-03,0.2240
8660,2.617662,1.000000e-03,0.2400
8670,2.600822,1.000000e-03,0.2300
8680,2.544943,1.000000e-03,0.2330
8690,2.591519,1.000000e-03,0.2220
8700,2.551385,1.000000e-03,0.2270
8710,2.512346,1.000000e-03,0.2290
8720,2.573030,1.000000e-03,0.2320
8730,2.589404,1.000000e-03,0.2240
8740,2.534376,1.000000e-03,0.2630
8750,2.573811,1.000000e-03,0.2290
8760,2.533419,1.000000e-03,0.2490
8770,2.569350,1.000000e-03,0.2310
8780,2.568003,1.000000e-03,0.2280
8790,2.536320,1.000000e-03,0.2420
8800,2.553673,1.000000e-03,0.2290
8810,2.593560,1.000000e-03,0.2340
8820,2.561456,1.000000e-03,0.2400
8830,2.521118,1.000000e-03,0.2250
8840,2.507619,1.000000e-03,0.2330
8850,2.537218,1.000000e-03,0.2350
8860,2.545902,1.000000e-03,0.2270
8870,2.517571,1.000000e-03,0.2560
8880,2.572832,1.000000e-03,0.2230
8890,2.586298,1.000000e-03,0.2230
8900,2.609602,1.000000e-03,0.2260
8910,2.549315,1.000000e-03,0.2170
8920,2.513185,1.000000e-03,0.2200
8930,2.572823,1.000000e-03,0.2760
8940,2.601423,1.000000e-03,0.2260
8950,2.590191,1.000000e-03,0.2280
8960,2.494059,1.000000e-03,0.2460
8970,2.538348,1.000000e-03,0.2250
8980,2.530239,1.000000e-03,0.2320
8990,2.580186,1.000000e-03,0.2290
9000,2.538406,1.000000e-03,0.2360
9010,2.543629,1.000000e-03,0.2300
9020,2.588539,1.000000e-03,0.2400
9030,2.571369,1.000000e-03,0.2460
9040,2.586060,1.000000e-03,0.2320
9050,2.522548,1.000000e-03,0.2220
9060,2.578466,1.000000e-03,0.2300
9070,2.571616,1.000000e-03,0.2400
9080,2.577845,1.000000e-03,0.2210
9090,2.547726,1.000000e-03,0.2200
9100,2.541624,1.000000e-03,0.2150
9110,2.566138,1.000000e-03,0.2310
9120,2.586413,1.000000e-03,0.2390
9130,2.515580,1.000000e-03,0.2750
9140,2.583745,1.000000e-03,0.2440
9150,2.536934,1.000000e-03,0.2390
9160,2.563007,1.000000e-03,0.2380
9170,2.564668,1.000000e-03,0.2220
9180,2.544218,1.000000e-03,0.2290
9190,2.552844,1.000000e-03,0.2580
9200,2.563569,1.000000e-03,0.2480
9210,2.453725,1.000000e-03,0.2210
9220,2.585713,1.000000e-03,0.2400
9230,2.626837,1.000000e-03,0.2290
9240,2.560284,1.000000e-03,0.2350
9250,2.545757,1.000000e-03,0.2260
9260,2.558895,1.000000e-03,0.2460
9270,2.520138,1.000000e-03,0.2320
9280,2.545382,1.000000e-03,0.2390
9290,2.584118,1.000000e-03,0.2350
9300,2.577236,1.000000e-03,0.2230
9310,2.514275,1.000000e-03,0.2300
9320,2.567126,1.000000e-03,0.2380
9330,2.501750,1.000000e-03,0.2570
9340,2.539658,1.000000e-03,0.2290
9350,2.564850,1.000000e-03,0.2320
9360,2.525497,1.000000e-03,0.2270
9370,2.538091,1.000000e-03,0.2270
9380,2.564637,1.000000e-03,0.2380
9390,2.539966,1.000000e-03,0.2530
9400,2.556854,1.000000e-03,0.2250
9410,2.538968,1.000000e-03,0.2230
9420,2.524454,1.000000e-03,0.2150
9430,2.556163,1.000000e-03,0.2410
9440,2.564068,1.000000e-03,0.2280
9450,2.557262,1.000000e-03,0.2290
9460,2.585682,1.000000e-03,0.2220
9470,2.541435,1.000000e-03,0.2320
9480,2.522101,1.000000e-03,0.2320
9490,2.488943,1.000000e-03,0.2280
9500,2.559481,1.000000e-03,0.2390
9510,2.590668,1.000000e-03,0.2180
9520,2.517567,1.000000e-03,0.2280
9530,2.532779,1.000000e-03,0.2320
9540,2.539776,1.000000e-03,0.2420
9550,2.536867,1.000000e-03,0.2230
9560,2.526199,1.000000e-03,0.2280
9570,2.529310,1.000000e-03,0.2290
9580,2.561227,1.000000e-03,0.2310
9590,2.542437,1.000000e-03,0.2220
9600,2.523506,1.000000e-03,0.2300
9610,2.547432,1.000000e-03,0.2320
9620,2.547057,1.000000e-03,0.2310
9630,2.482161,1.000000e-03,0.2630
9640,2.539003,1.000000e-03,0.2320
9650,2.556122,1.000000e-03,0.2410
9660,2.526427,1.000000e-03,0.2200
9670,2.553501,1.000000e-03,0.2220
9680,2.528711,1.000000e-03,0.2260
9690,2.558771,1.000000e-03,0.2240
9700,2.590025,1.000000e-03,0.2280
9710,2.538097,1.000000e-03,0.2240
9720,2.530170,1.000000e-03,0.2230
9730,2.473156,1.000000e-03,0.2460
9740,2.537725,1.000000e-03,0.2360
9750,2.560768,1.000000e-03,0.2230
9760,2.521331,1.000000e-03,0.2260
9770,2.514861,1.000000e-03,0.2120
